<application>
  <component name="KeyPromoterXStatistic">
    <option name="statistics">
      <Statistic Action="Event Log">
        <Item>
          <IdeaActionID>ActivateEventLogToolWindow</IdeaActionID>
          <ShortCut>'Ctrl+Shift+L'</ShortCut>
          <Description>Event Log</Description>
          <Count>1</Count>
        </Item>
      </Statistic>
      <Statistic Action="Find">
        <Item>
          <IdeaActionID>ActivateFindToolWindow</IdeaActionID>
          <ShortCut>'Ctrl+U'</ShortCut>
          <Description>Find</Description>
          <Count>1</Count>
        </Item>
      </Statistic>
      <Statistic Action="Hierarchy">
        <Item>
          <IdeaActionID>ActivateHierarchyToolWindow</IdeaActionID>
          <ShortCut>'Alt+8'</ShortCut>
          <Description>Hierarchy</Description>
          <Count>4</Count>
        </Item>
      </Statistic>
      <Statistic Action="Run">
        <Item>
          <IdeaActionID>ActivateRunToolWindow</IdeaActionID>
          <ShortCut>'Alt+A'</ShortCut>
          <Description>Run</Description>
          <Count>2</Count>
        </Item>
      </Statistic>
      <Statistic Action="TODO">
        <Item>
          <IdeaActionID>ActivateTODOToolWindow</IdeaActionID>
          <ShortCut>'Ctrl+L'</ShortCut>
          <Description>TODO</Description>
          <Count>2</Count>
        </Item>
      </Statistic>
      <Statistic Action="Vim Emulator">
        <Item>
          <IdeaActionID>VimPluginToggle</IdeaActionID>
          <ShortCut>'Ctrl+Alt+V'</ShortCut>
          <Description>Vim Emulator</Description>
          <Count>2</Count>
        </Item>
      </Statistic>
      <Statistic Action="停止 'go build 1.go'">
        <Item>
          <IdeaActionID>Stop</IdeaActionID>
          <ShortCut>'F4'</ShortCut>
          <Description>停止 'go build 1.go'</Description>
          <Count>1</Count>
        </Item>
      </Statistic>
      <Statistic Action="停止 'go build SignalChannel.go'">
        <Item>
          <IdeaActionID>Stop</IdeaActionID>
          <ShortCut>'F4'</ShortCut>
          <Description>停止 'go build SignalChannel.go'</Description>
          <Count>1</Count>
        </Item>
      </Statistic>
      <Statistic Action="停止 'go build debug.go'">
        <Item>
          <IdeaActionID>Stop</IdeaActionID>
          <ShortCut>'F4'</ShortCut>
          <Description>停止 'go build debug.go'</Description>
          <Count>1</Count>
        </Item>
      </Statistic>
      <Statistic Action="停止 'go build http1.go'">
        <Item>
          <IdeaActionID>Stop</IdeaActionID>
          <ShortCut>'F4'</ShortCut>
          <Description>停止 'go build http1.go'</Description>
          <Count>1</Count>
        </Item>
      </Statistic>
      <Statistic Action="停止 'go build http3.go'">
        <Item>
          <IdeaActionID>Stop</IdeaActionID>
          <ShortCut>'F4'</ShortCut>
          <Description>停止 'go build http3.go'</Description>
          <Count>1</Count>
        </Item>
      </Statistic>
      <Statistic Action="停止 'go build pipeline1.go'">
        <Item>
          <IdeaActionID>Stop</IdeaActionID>
          <ShortCut>'F4'</ShortCut>
          <Description>停止 'go build pipeline1.go'</Description>
          <Count>1</Count>
        </Item>
      </Statistic>
      <Statistic Action="停止 'go build reverb1.go'">
        <Item>
          <IdeaActionID>Stop</IdeaActionID>
          <ShortCut>'F4'</ShortCut>
          <Description>停止 'go build reverb1.go'</Description>
          <Count>1</Count>
        </Item>
      </Statistic>
      <Statistic Action="停止 'go build trick.go'">
        <Item>
          <IdeaActionID>Stop</IdeaActionID>
          <ShortCut>'F4'</ShortCut>
          <Description>停止 'go build trick.go'</Description>
          <Count>1</Count>
        </Item>
      </Statistic>
      <Statistic Action="停止 'idea.log'">
        <Item>
          <IdeaActionID>Stop</IdeaActionID>
          <ShortCut>'F4'</ShortCut>
          <Description>停止 'idea.log'</Description>
          <Count>1</Count>
        </Item>
      </Statistic>
      <Statistic Action="删除...(D)">
        <Item>
          <IdeaActionID>$Delete</IdeaActionID>
          <ShortCut>'Delete'</ShortCut>
          <Description>删除...(D)</Description>
          <Count>4</Count>
        </Item>
      </Statistic>
      <Statistic Action="声明(D)">
        <Item>
          <IdeaActionID>GotoDeclaration</IdeaActionID>
          <ShortCut>'Ctrl+Shift+D'</ShortCut>
          <Description>声明(D)</Description>
          <Count>1</Count>
        </Item>
      </Statistic>
      <Statistic Action="目录">
        <Item>
          <IdeaActionID>NewDir</IdeaActionID>
          <ShortCut>'Ctrl+Shift+N'</ShortCut>
          <Description>目录</Description>
          <Count>2</Count>
        </Item>
      </Statistic>
    </option>
    <option name="suppressed">
      <Statistic Action="Debug 'go build test.go'">
        <Item>
          <IdeaActionID>Debug</IdeaActionID>
          <ShortCut>'Shift+F9'</ShortCut>
          <Description>Debug 'go build test.go'</Description>
          <Count>3</Count>
        </Item>
      </Statistic>
    </option>
  </component>
</application>