<application>
  <component name="MaterialDDLCThemeConfig">
    <option name="userId" value="-1790a9a:16ae3e0e4a1:-8000" />
    <option name="version" value="3.3.0" />
  </component>
  <component name="MaterialThemeConfig">
    <option name="accentScrollbars" value="false" />
    <option name="compactDropdowns" value="true" />
    <option name="compactSidebar" value="true" />
    <option name="darkTitleBar" value="true" />
    <option name="highlightColorEnabled" value="true" />
    <option name="isCompactMenus" value="true" />
    <option name="isCompactStatusBar" value="true" />
    <option name="isCompactTables" value="true" />
    <option name="isCustomTreeIndentEnabled" value="true" />
    <option name="isStyledDirectories" value="true" />
    <option name="isWizardShown" value="true" />
    <option name="overrideAccentColor" value="true" />
    <option name="pristineConfig" value="false" />
    <option name="themedScrollbars" value="false" />
    <option name="treeFontSizeEnabled" value="true" />
    <option name="tabOpacity" value="79" />
    <option name="accentColor" value="d33682" />
    <option name="highlightColor" value="ffe335" />
    <option name="selectedTheme" value="LIGHT_CUSTOM" />
    <option name="userId" value="-19da8eaa:16aa9eb2886:-8000" />
    <option name="version" value="3.10.0" />
  </component>
</application>