<application>
  <component name="PostfixTemplates">
    <template id="for@userDefined" key=".for" provider="com.goide.postfix.GoPostfixTemplateProvider" topmost="true">
      <conditions>
        <condition id="non void" />
      </conditions>
      <template name="fakeKey" value="for i := 0 ; i &lt; $EXPR$ ; i++ {&#10;    &#10;}" toReformat="true" toShortenFQNames="true" />
    </template>
    <template id="com.goide.postfix.GoForWithKeyPostfixTemplate#.forr" key=".map" provider="com.goide.postfix.GoPostfixTemplateProvider" builtin="com.goide.postfix.GoForWithKeyPostfixTemplate#.forr" />
    <template id="com.goide.postfix.GoForPostfixTemplate#.for" key=".range" provider="com.goide.postfix.GoPostfixTemplateProvider" builtin="com.goide.postfix.GoForPostfixTemplate#.for" />
  </component>
</application>