<application>
  <component name="VimSettings">
    <state version="4" enabled="false" />
    <globalmarks />
    <filemarks>
      <file name="D:/Go-Projects/src/other/reflect/example1.go" timestamp="1559102534435">
        <mark key="[" line="26" column="39" />
        <mark key="]" line="22" column="24" />
        <mark key="^" line="21" column="23" />
        <mark key="." line="22" column="24" />
      </file>
      <file name="C:/Go/src/net/http/response.go" timestamp="1558932831008">
        <mark key="[" line="73" column="25" />
      </file>
      <file name="D:/Go-Projects/src/other/HowToEndAGoruntine/Context.go" timestamp="1559028584316">
        <mark key="[" line="31" column="3" />
        <mark key="]" line="32" column="20" />
        <mark key="^" line="32" column="20" />
        <mark key="." line="32" column="20" />
      </file>
      <file name="D:/Go-Projects/src/ch1/dup1.go" timestamp="1558935384717">
        <mark key="[" line="11" column="28" />
        <mark key="]" line="18" column="26" />
        <mark key="." line="18" column="26" />
        <mark key="^" line="18" column="26" />
      </file>
      <file name="/a.dummy" timestamp="1558940933152">
        <mark key="[" line="0" column="0" />
      </file>
      <file name="D:/Go-Projects/src/ch5/findlinks2.go" timestamp="1558932669933">
        <mark key="[" line="17" column="22" />
        <mark key="]" line="51" column="0" />
        <mark key="^" line="51" column="0" />
        <mark key="." line="51" column="0" />
      </file>
      <file name="D:/Go-Projects/src/other/Atomic Counters/bufferedChannel.go" timestamp="1559030105087">
        <mark key="[" line="17" column="25" />
        <mark key="]" line="17" column="23" />
        <mark key="^" line="17" column="23" />
        <mark key="." line="17" column="23" />
      </file>
      <file name="D:/Go-Projects/src/ch2/ftoc.go" timestamp="1558961182722">
        <mark key="[" line="6" column="27" />
      </file>
      <file name="D:/Go-Projects/src/other/example1.go" timestamp="1559052173964">
        <mark key="[" line="0" column="12" />
      </file>
      <file name="D:/Go-Projects/src/ch8/pipeline3.go" timestamp="1559135634728">
        <mark key="[" line="22" column="4" />
        <mark key="]" line="21" column="6" />
        <mark key="^" line="21" column="6" />
        <mark key="." line="21" column="6" />
      </file>
      <file name="D:/Go/src/刷题/1.go" timestamp="1557667185661">
        <mark key="[" line="8" column="23" />
        <mark key="]" line="8" column="22" />
        <mark key="^" line="8" column="22" />
        <mark key="." line="8" column="22" />
      </file>
      <file name="D:/Go-Projects/src/other/waitGroup.go" timestamp="1559028123077">
        <mark key="'" line="12" column="0" />
        <mark key="[" line="17" column="0" />
        <mark key="]" line="11" column="29" />
        <mark key="^" line="11" column="29" />
        <mark key="." line="11" column="29" />
      </file>
      <file name="D:/Go-Projects/src/other/reflect/struct.go" timestamp="1559102682437">
        <mark key="[" line="0" column="12" />
      </file>
      <file name="D:/Go-Projects/src/ch2/tempconv/conv.go" timestamp="1558930473817">
        <mark key="[" line="5" column="0" />
        <mark key="]" line="5" column="55" />
        <mark key="^" line="5" column="0" />
        <mark key="." line="5" column="0" />
      </file>
      <file name="D:/Go-Projects/src/ch6/struct-trick.go" timestamp="1558950728863">
        <mark key="[" line="34" column="0" />
        <mark key="]" line="34" column="5" />
        <mark key="^" line="19" column="1" />
        <mark key="." line="34" column="5" />
      </file>
      <file name="D:/Go-Projects/src/other/readInput/example2.go" timestamp="1559095898026">
        <mark key="[" line="0" column="12" />
      </file>
      <file name="D:/Go-Projects/src/ch8/crawl/main.go" timestamp="1559178871639">
        <mark key="[" line="84" column="0" />
        <mark key="]" line="81" column="29" />
        <mark key="." line="81" column="29" />
        <mark key="^" line="81" column="29" />
      </file>
      <file name="D:/Go/src/oop/main.go" timestamp="1557664720875">
        <mark key="[" line="8" column="13" />
      </file>
      <file name="D:/Go-Projects/src/ch2/tempconv/tempconv.go" timestamp="1558929611112">
        <mark key="[" line="11" column="17" />
        <mark key="]" line="11" column="16" />
        <mark key="." line="11" column="16" />
        <mark key="^" line="11" column="16" />
      </file>
      <file name="D:/Go-Projects/src/ch4/rev.go" timestamp="1558938327109">
        <mark key="[" line="3" column="0" />
      </file>
      <file name="D:/Go-Projects/src/ch8/pipeline1.go" timestamp="1559135114103">
        <mark key="[" line="6" column="2" />
        <mark key="]" line="6" column="2" />
        <mark key="." line="6" column="2" />
      </file>
      <file name="D:/Go-Projects/src/ch2/popcount.go" timestamp="1558962308364">
        <mark key="'" line="12" column="24" />
        <mark key="[" line="13" column="19" />
        <mark key="]" line="13" column="3" />
        <mark key="^" line="13" column="3" />
        <mark key="." line="13" column="3" />
      </file>
      <file name="/fragment.go" timestamp="1558942455435">
        <mark key="[" line="0" column="0" />
      </file>
      <file name="D:/Go-Projects/src/other/debug.go" timestamp="1558951083262">
        <mark key="'" line="0" column="0" />
        <mark key="[" line="6" column="18" />
        <mark key="]" line="7" column="2" />
        <mark key="." line="7" column="2" />
        <mark key="^" line="7" column="2" />
      </file>
      <file name="D:/Go/src/func/FP.go" timestamp="1557665353544">
        <mark key="[" line="0" column="0" />
      </file>
      <file name="D:/Go-Projects/src/other/safeMap.go" timestamp="1559097123920">
        <mark key="[" line="6" column="31" />
        <mark key="]" line="6" column="30" />
        <mark key="^" line="6" column="30" />
        <mark key="." line="6" column="30" />
      </file>
      <file name="D:/Go-Projects/src/other/HowToEndAGoruntine/CloseChannel.go" timestamp="1559028389653">
        <mark key="[" line="28" column="5" />
        <mark key="]" line="28" column="5" />
        <mark key="." line="28" column="5" />
        <mark key="^" line="26" column="16" />
      </file>
      <file name="D:/Go-Projects/src/ch5/links.go" timestamp="1559177880830" />
      <file name="D:/Go-Projects/src/other/map.go" timestamp="1559089876304">
        <mark key="[" line="8" column="18" />
        <mark key="]" line="8" column="17" />
        <mark key="^" line="8" column="17" />
        <mark key="." line="8" column="17" />
      </file>
      <file name="D:/Go-Projects/src/ch8/pipeline2.go" timestamp="1559135313459">
        <mark key="[" line="6" column="2" />
        <mark key="]" line="6" column="2" />
        <mark key="^" line="6" column="3" />
        <mark key="." line="6" column="2" />
      </file>
      <file name="D:/Go-Projects/src/other/struct.go" timestamp="1559031055927">
        <mark key="'" line="26" column="0" />
        <mark key="[" line="6" column="8" />
        <mark key="]" line="7" column="8" />
        <mark key="." line="7" column="8" />
        <mark key="^" line="7" column="8" />
      </file>
      <file name="D:/Go-Projects/src/other/const.go" timestamp="1558951673020">
        <mark key="[" line="13" column="13" />
      </file>
      <file name="D:/Go-Projects/src/other/Atomic Counters/Atomic.go" timestamp="1559030215044">
        <mark key="[" line="16" column="36" />
        <mark key="]" line="17" column="21" />
        <mark key="^" line="17" column="21" />
        <mark key="." line="17" column="21" />
      </file>
      <file name="D:/Go-Projects/src/other/HowToEndAGoruntine/StopChannel.go" timestamp="1559027836701">
        <mark key="[" line="31" column="3" />
        <mark key="]" line="12" column="9" />
        <mark key="." line="12" column="9" />
        <mark key="^" line="12" column="9" />
      </file>
      <file name="D:/Go-Projects/src/other/HowToEndAGoruntine/Atmoic.go" timestamp="1559028919524">
        <mark key="[" line="22" column="40" />
        <mark key="]" line="22" column="40" />
        <mark key="^" line="22" column="40" />
        <mark key="." line="22" column="40" />
      </file>
      <file name="D:/Go/src/func/闭包.go" timestamp="1557661906674">
        <mark key="[" line="11" column="12" />
      </file>
      <file name="D:/Go-Projects/src/other/Atomic Counters/race condition.go" timestamp="1559029909252">
        <mark key="[" line="15" column="18" />
        <mark key="]" line="15" column="16" />
        <mark key="^" line="15" column="16" />
        <mark key="." line="15" column="16" />
      </file>
      <file name="D:/Go-Projects/src/other/impl.go" timestamp="1559040166324">
        <mark key="[" line="30" column="15" />
        <mark key="]" line="30" column="15" />
        <mark key="^" line="29" column="13" />
        <mark key="." line="30" column="15" />
      </file>
      <file name="D:/Go/src/defer/main.go" timestamp="1557661365665">
        <mark key="[" line="36" column="15" />
      </file>
      <file name="$USER_HOME$/.ideavimrc" timestamp="1559030414027">
        <mark key="[" line="89" column="0" />
        <mark key="]" line="89" column="0" />
        <mark key="." line="89" column="0" />
      </file>
      <file name="/__dummy.xml" timestamp="1558934370182">
        <mark key="[" line="0" column="0" />
      </file>
      <file name="D:/Go/src/defer/example.go" timestamp="1557664588113">
        <mark key="[" line="10" column="8" />
        <mark key="]" line="10" column="7" />
        <mark key="^" line="10" column="7" />
        <mark key="." line="10" column="7" />
      </file>
      <file name="D:/Go-Projects/src/other/HowToEndAGoruntine/SignalChannel.go" timestamp="1559028235567">
        <mark key="[" line="31" column="3" />
        <mark key="]" line="32" column="20" />
        <mark key="." line="32" column="20" />
        <mark key="^" line="32" column="20" />
      </file>
      <file name="D:/Go-Projects/src/other/HowToEndAGoruntine/TimeAfter.go" timestamp="1559028744736">
        <mark key="[" line="25" column="3" />
        <mark key="]" line="25" column="0" />
        <mark key="." line="25" column="0" />
        <mark key="^" line="24" column="16" />
      </file>
      <file name="D:/Go-Projects/src/other/FunctionalOptions/flag.go" timestamp="1559029758956">
        <mark key="'" line="20" column="0" />
        <mark key="[" line="39" column="40" />
        <mark key="]" line="39" column="38" />
        <mark key="." line="39" column="38" />
        <mark key="^" line="39" column="38" />
      </file>
      <file name="D:/Go-Projects/src/ch8/thumbnail.go" timestamp="1559176989863">
        <mark key="[" line="83" column="3" />
        <mark key="]" line="68" column="50" />
        <mark key="^" line="68" column="50" />
        <mark key="." line="68" column="50" />
      </file>
      <file name="D:/Go-Projects/src/other/array.go" timestamp="1559008727125">
        <mark key="'" line="8" column="6" />
        <mark key="[" line="6" column="19" />
        <mark key="]" line="6" column="19" />
        <mark key="." line="6" column="19" />
        <mark key="^" line="8" column="17" />
      </file>
      <file name="D:/Go-Projects/src/ch7/sorting.go" timestamp="1559107720065">
        <mark key="[" line="6" column="15" />
        <mark key="]" line="11" column="0" />
        <mark key="^" line="11" column="0" />
        <mark key="." line="11" column="0" />
      </file>
      <file name="C:/Go/src/fmt/print.go" timestamp="1559104415700">
        <mark key="'" line="206" column="5" />
        <mark key="[" line="641" column="0" />
        <mark key="]" line="641" column="44" />
        <mark key="." line="109" column="16" />
        <mark key="^" line="109" column="16" />
      </file>
      <file name="/Dummy.txt" timestamp="1559107227398">
        <mark key="[" line="0" column="0" />
      </file>
      <file name="D:/Go-Projects/src/ch6/coloredpoint.go" timestamp="1558933940102">
        <mark key="[" line="14" column="10" />
      </file>
      <file name="$USER_HOME$/go/src/awesomeProject/main.go" timestamp="1557660808993">
        <mark key="[" line="6" column="0" />
        <mark key="]" line="15" column="0" />
        <mark key="^" line="15" column="0" />
        <mark key="." line="15" column="0" />
      </file>
      <file name="D:/Go-Projects/src/ch2/cf.go" timestamp="1558959608098">
        <mark key="[" line="18" column="5" />
        <mark key="]" line="18" column="4" />
        <mark key="^" line="18" column="4" />
        <mark key="." line="18" column="4" />
      </file>
      <file name="D:/Go-Projects/src/ch2/echo4.go" timestamp="1559009801101">
        <mark key="'" line="3" column="3" />
        <mark key="[" line="16" column="3" />
        <mark key="]" line="17" column="3" />
        <mark key="^" line="17" column="3" />
        <mark key="." line="17" column="3" />
      </file>
      <file name="D:/Go-Projects/src/other/close.go" timestamp="1559105097188">
        <mark key="[" line="0" column="12" />
        <mark key="]" line="7" column="17" />
        <mark key="^" line="7" column="17" />
        <mark key="." line="7" column="17" />
      </file>
      <file name="D:/Go-Projects/src/other/Atomic Counters/resolveWithMutex.go" timestamp="1559030985307">
        <mark key="[" line="11" column="9" />
        <mark key="]" line="13" column="6" />
        <mark key="^" line="13" column="6" />
        <mark key="." line="13" column="6" />
      </file>
      <file name="D:/Go-Projects/src/other/SafeMap/safeMap_test.go" timestamp="1559098705592">
        <mark key="'" line="21" column="0" />
        <mark key="[" line="14" column="2" />
      </file>
      <file name="D:/Go-Projects/src/ch8/crawl/craw2.go" timestamp="1559178943705">
        <mark key="[" line="0" column="12" />
      </file>
      <file name="D:/Go-Projects/src/other/readInput/exampl1.go" timestamp="1559095857721">
        <mark key="[" line="0" column="8" />
        <mark key="]" line="0" column="8" />
        <mark key="." line="0" column="8" />
      </file>
      <file name="D:/Go-Projects/src/other/consumer.go" timestamp="1559098740360">
        <mark key="[" line="0" column="12" />
      </file>
      <file name="D:/Go-Projects/src/ch6/intset.go" timestamp="1558933062832">
        <mark key="[" line="30" column="21" />
      </file>
      <file name="D:/Go-Projects/src/ch5/outline2.go" timestamp="1559177672906">
        <mark key="[" line="45" column="24" />
      </file>
    </filemarks>
    <jumps>
      <jump line="33" column="24" filename="D:/Go/src/func/实战.go" />
      <jump line="11" column="27" filename="D:/Go/src/func/实战.go" />
      <jump line="32" column="23" filename="D:/Go/src/func/实战.go" />
      <jump line="22" column="0" filename="D:/Go/src/func/实战.go" />
      <jump line="14" column="19" filename="D:/Go/src/study/main.go" />
      <jump line="12" column="0" filename="D:/Go/src/study/main.go" />
      <jump line="0" column="0" filename="D:/Go-Projects/src/ch7/sleep.go" />
      <jump line="14" column="2" filename="D:/Go-Projects/src/ch7/sleep.go" />
      <jump line="4" column="3" filename="D:/Go-Projects/src/ch7/sleep.go" />
      <jump line="12" column="23" filename="D:/Go-Projects/src/ch7/sleep.go" />
      <jump line="11" column="2" filename="D:/Go-Projects/src/ch7/sleep.go" />
      <jump line="15" column="0" filename="D:/Go-Projects/src/ch7/sleep.go" />
      <jump line="34" column="0" filename="D:/Go-Projects/src/ch6/struct-trick.go" />
      <jump line="37" column="0" filename="D:/Go-Projects/src/ch6/struct-trick.go" />
      <jump line="41" column="0" filename="D:/Go-Projects/src/ch6/struct-trick.go" />
      <jump line="73" column="0" filename="D:/Go-Projects/src/ch6/struct-trick.go" />
      <jump line="34" column="13" filename="D:/Go-Projects/src/ch7/tempconv.go" />
      <jump line="100" column="4" filename="C:/Go/src/builtin/builtin.go" />
      <jump line="44" column="13" filename="D:/Go-Projects/src/ch4/charcount.go" />
      <jump line="32" column="13" filename="D:/Go-Projects/src/ch4/charcount.go" />
      <jump line="8" column="0" filename="D:/Go-Projects/src/other/debug.go" />
      <jump line="19" column="7" filename="D:/Go-Projects/src/other/struct.go" />
      <jump line="22" column="0" filename="D:/Go-Projects/src/other/struct.go" />
      <jump line="0" column="0" filename="D:/Go-Projects/src/ch2/popcount.go" />
      <jump line="18" column="4" filename="D:/Go-Projects/src/ch2/popcount.go" />
      <jump line="19" column="4" filename="D:/Go-Projects/src/ch2/popcount.go" />
      <jump line="20" column="4" filename="D:/Go-Projects/src/ch2/popcount.go" />
      <jump line="2" column="3" filename="D:/Go-Projects/src/ch2/popcount.go" />
      <jump line="3" column="4" filename="D:/Go-Projects/src/ch2/popcount.go" />
      <jump line="6" column="17" filename="D:/Go-Projects/src/ch2/popcount.go" />
      <jump line="7" column="12" filename="D:/Go-Projects/src/ch2/popcount.go" />
      <jump line="14" column="7" filename="D:/Go-Projects/src/ch2/popcount.go" />
      <jump line="15" column="7" filename="D:/Go-Projects/src/ch2/popcount.go" />
      <jump line="16" column="7" filename="D:/Go-Projects/src/ch2/popcount.go" />
      <jump line="17" column="7" filename="D:/Go-Projects/src/ch2/popcount.go" />
      <jump line="13" column="9" filename="D:/Go-Projects/src/ch2/popcount.go" />
      <jump line="12" column="24" filename="D:/Go-Projects/src/ch2/popcount.go" />
      <jump line="40" column="8" filename="D:/Go-Projects/src/other/main.go" />
      <jump line="0" column="0" filename="D:/Go-Projects/src/other/main.go" />
      <jump line="8" column="6" filename="D:/Go-Projects/src/other/array.go" />
      <jump line="31" column="0" filename="D:/Go-Projects/src/ch2/echo4.go" />
      <jump line="13" column="25" filename="D:/Go-Projects/src/ch2/echo4.go" />
      <jump line="12" column="2" filename="D:/Go-Projects/src/ch2/echo4.go" />
      <jump line="9" column="10" filename="D:/Go-Projects/src/ch2/echo4.go" />
      <jump line="8" column="8" filename="D:/Go-Projects/src/ch2/echo4.go" />
      <jump line="3" column="3" filename="D:/Go-Projects/src/ch2/echo4.go" />
      <jump line="206" column="5" filename="C:/Go/src/fmt/print.go" />
      <jump line="9" column="0" filename="D:/Go-Projects/src/other/waitGroup.go" />
      <jump line="7" column="0" filename="D:/Go-Projects/src/other/FunctionalOptions/flag.go" />
      <jump line="4" column="5" filename="D:/Go-Projects/src/other/SafeMap/safeMap_test.go" />
      <jump line="47" column="0" filename="D:/Go-Projects/src/other/SafeMap/safeMap_test.go" />
      <jump line="21" column="0" filename="D:/Go-Projects/src/other/SafeMap/safeMap_test.go" />
    </jumps>
    <registers>
      <register name="&quot;" type="2">
        <text encoding="base64">CXRpbWUuU2xlZXAoKnBlcmlvZCkK</text>
      </register>
      <register name="*" type="4">
        <text>Atomic_Counters</text>
      </register>
      <register name="k" type="4">
        <text>kkkjjjjlllmmmmmmmmmkkk</text>
      </register>
      <register name="-" type="4">
        <text>cra</text>
      </register>
      <register name="/" type="4">
        <text encoding="base64">XDxmbGFnXD4=</text>
      </register>
      <register name="0" type="2">
        <text encoding="base64">CQlwLmZtdC5mbXRTKHJlZmxlY3QuVHlwZU9mKGFyZykuU3RyaW5nKCkpCg==</text>
      </register>
      <register name="1" type="4">
        <text encoding="base64">Cg==</text>
      </register>
      <register name="q" type="4">
        <text />
      </register>
      <register name="2" type="4">
        <text>{namsBss&quot;},}
	for _, i := range []API{m, w, p} {
		say(i)
	}
	p.man.show()
}</text>
      </register>
      <register name="3" type="2">
        <text encoding="base64">Cg==</text>
      </register>
      <register name="4" type="2">
        <text encoding="base64">bm5vcmVtYXAgZCAiX2QK</text>
      </register>
      <register name="5" type="2">
        <text encoding="base64">Cg==</text>
      </register>
      <register name="6" type="2">
        <text encoding="base64">Cm5ub3JlbWFwIDxkb3duPiA8bm9wPgo=</text>
      </register>
      <register name="7" type="2">
        <text encoding="base64">aW5vcmVtYXAgPGRvd24+IDxub3A+Cg==</text>
      </register>
      <register name="w" type="4">
        <text>yypp</text>
      </register>
      <register name="8" type="2">
        <text encoding="base64">aW5vcmVtYXAgPHVwPiA8bm9wPgpubm9yZW1hcCA8dXA+IDxub3A+Cg==</text>
      </register>
      <register name="x" type="4">
        <text>Atomic_Counters</text>
      </register>
      <register name="9" type="4">
        <text>Atomic_Counters</text>
      </register>
      <register name=":" type="4">
        <text>action EditorEnter</text>
      </register>
    </registers>
    <search>
      <last-search encoding="base64">XDxmbGFnXD4=</last-search>
      <last-offset />
      <last-pattern encoding="base64">XDxmbGFnXD4=</last-pattern>
      <last-dir>-1</last-dir>
      <show-last>false</show-last>
    </search>
    <history>
      <history-search>
        <entry>func</entry>
        <entry>fmt</entry>
        <entry encoding="base64">XDxwY1w+</entry>
        <entry encoding="base64">XDxieXRlXD4=</entry>
        <entry encoding="base64">XDxpbnRcPg==</entry>
        <entry>ddd</entry>
        <entry encoding="base64">XDxmbGFnXD4=</entry>
      </history-search>
      <history-cmd>
        <entry>action GotoSymbol</entry>
        <entry>action GotoFile</entry>
        <entry>action GotoClass</entry>
        <entry>action EditorScrollUp</entry>
        <entry>action EditorScrollDown</entry>
        <entry>action EditorJoinLines</entry>
        <entry encoding="base64">YWN0aW9uIEFjZUFjdGlvbiA=</entry>
        <entry>action JumpToNextChange</entry>
        <entry>action JumpToLastChange</entry>
        <entry>action GotoAction</entry>
        <entry>action ShowPopupMenu</entry>
        <entry>action Generate</entry>
        <entry encoding="base64">YWN0aW9uIFJlc3VtZSA=</entry>
        <entry>action EditorBackSpace</entry>
        <entry>action Find</entry>
        <entry>source ~/.ideavimrc</entry>
        <entry>action EditorUpWithSelection</entry>
        <entry>action EditorDownWithSelection</entry>
        <entry encoding="base64">YWN0aW9uIEJhY2sg</entry>
        <entry>action EditorEnter</entry>
      </history-cmd>
      <history-expr />
      <history-input />
    </history>
    <shortcut-conflicts>
      <shortcut-conflict owner="ide">
        <text>ctrl pressed A</text>
      </shortcut-conflict>
      <shortcut-conflict owner="ide">
        <text>ctrl pressed U</text>
      </shortcut-conflict>
      <shortcut-conflict owner="ide">
        <text>ctrl pressed V</text>
      </shortcut-conflict>
      <shortcut-conflict owner="ide">
        <text>ctrl pressed B</text>
      </shortcut-conflict>
      <shortcut-conflict owner="ide">
        <text>ctrl pressed W</text>
      </shortcut-conflict>
      <shortcut-conflict owner="ide">
        <text>ctrl pressed X</text>
      </shortcut-conflict>
      <shortcut-conflict owner="ide">
        <text>ctrl pressed M</text>
      </shortcut-conflict>
      <shortcut-conflict owner="ide">
        <text>ctrl pressed N</text>
      </shortcut-conflict>
      <shortcut-conflict owner="ide">
        <text>shift ctrl pressed 2</text>
      </shortcut-conflict>
      <shortcut-conflict owner="ide">
        <text>ctrl pressed C</text>
      </shortcut-conflict>
      <shortcut-conflict owner="ide">
        <text>ctrl pressed D</text>
      </shortcut-conflict>
      <shortcut-conflict owner="ide">
        <text>ctrl pressed Y</text>
      </shortcut-conflict>
      <shortcut-conflict owner="ide">
        <text>ctrl pressed O</text>
      </shortcut-conflict>
      <shortcut-conflict owner="ide">
        <text>ctrl pressed P</text>
      </shortcut-conflict>
      <shortcut-conflict owner="ide">
        <text>ctrl pressed E</text>
      </shortcut-conflict>
      <shortcut-conflict owner="ide">
        <text>ctrl pressed F</text>
      </shortcut-conflict>
      <shortcut-conflict owner="ide">
        <text>ctrl pressed OPEN_BRACKET</text>
      </shortcut-conflict>
      <shortcut-conflict owner="ide">
        <text>ctrl pressed Q</text>
      </shortcut-conflict>
      <shortcut-conflict owner="ide">
        <text>ctrl pressed 2</text>
      </shortcut-conflict>
      <shortcut-conflict owner="ide">
        <text>ctrl pressed R</text>
      </shortcut-conflict>
      <shortcut-conflict owner="ide">
        <text>ctrl pressed G</text>
      </shortcut-conflict>
      <shortcut-conflict owner="ide">
        <text>ctrl pressed H</text>
      </shortcut-conflict>
      <shortcut-conflict owner="ide">
        <text>ctrl pressed CLOSE_BRACKET</text>
      </shortcut-conflict>
      <shortcut-conflict owner="ide">
        <text>shift ctrl pressed 6</text>
      </shortcut-conflict>
      <shortcut-conflict owner="ide">
        <text>ctrl pressed S</text>
      </shortcut-conflict>
      <shortcut-conflict owner="ide">
        <text>ctrl pressed T</text>
      </shortcut-conflict>
      <shortcut-conflict owner="ide">
        <text>ctrl pressed I</text>
      </shortcut-conflict>
      <shortcut-conflict owner="ide">
        <text>ctrl pressed J</text>
      </shortcut-conflict>
      <shortcut-conflict owner="ide">
        <text>shift ctrl pressed H</text>
      </shortcut-conflict>
      <shortcut-conflict owner="ide">
        <text>ctrl pressed K</text>
      </shortcut-conflict>
      <shortcut-conflict owner="ide">
        <text>ctrl pressed L</text>
      </shortcut-conflict>
      <shortcut-conflict owner="ide">
        <text>shift ctrl pressed TAB</text>
      </shortcut-conflict>
      <shortcut-conflict owner="ide">
        <text>ctrl alt pressed L</text>
      </shortcut-conflict>
      <shortcut-conflict owner="ide">
        <text>shift ctrl pressed N</text>
      </shortcut-conflict>
      <shortcut-conflict owner="ide">
        <text>ctrl pressed TAB</text>
      </shortcut-conflict>
      <shortcut-conflict owner="ide">
        <text>ctrl pressed BACK_SLASH</text>
      </shortcut-conflict>
      <shortcut-conflict owner="ide">
        <text>alt pressed X</text>
      </shortcut-conflict>
      <shortcut-conflict owner="vim">
        <text>alt pressed J</text>
      </shortcut-conflict>
    </shortcut-conflicts>
  </component>
</application>