<application>
  <component name="com.intellij.ide.ui.customization.CustomActionsSchema">
    <group value="MaterialTheme.Components" is_group="true" action_type="-1" position="17">
      <path value="root" />
      <path value="主工具栏" />
      <option name="myInitialPosition" value="-1" />
    </group>
    <group value="MaterialTheme.Accents" is_group="true" action_type="-1" position="16">
      <path value="root" />
      <path value="主工具栏" />
      <option name="myInitialPosition" value="-1" />
    </group>
    <group value="MaterialTheme.Panels" is_group="true" action_type="-1" position="15">
      <path value="root" />
      <path value="主工具栏" />
      <option name="myInitialPosition" value="-1" />
    </group>
    <group value="MaterialTheme.ThemeChooser" is_group="true" action_type="-1" position="14">
      <path value="root" />
      <path value="主工具栏" />
      <option name="myInitialPosition" value="-1" />
    </group>
    <group value="OpenFileInConsoleToolbarAction" is_action="true" action_type="-1" position="13">
      <path value="root" />
      <path value="主工具栏" />
      <option name="myInitialPosition" value="-1" />
    </group>
    <group seperator="true" action_type="-1" position="10">
      <path value="root" />
      <path value="主工具栏" />
      <option name="myInitialPosition" value="-1" />
    </group>
    <group value="MainToolBarSettings" is_group="true" action_type="-1" position="9">
      <path value="root" />
      <path value="主工具栏" />
      <option name="myInitialPosition" value="-1" />
    </group>
    <group value="SearchEverywhere" is_action="true" action_type="-1" position="7">
      <path value="root" />
      <path value="导航栏工具栏" />
      <option name="myInitialPosition" value="-1" />
    </group>
    <group seperator="true" action_type="-1" position="3">
      <path value="root" />
      <path value="导航栏工具栏" />
      <option name="myInitialPosition" value="-1" />
    </group>
    <group value="NavBarVcsGroup" is_group="true" action_type="-1" position="2">
      <path value="root" />
      <path value="导航栏工具栏" />
      <option name="myInitialPosition" value="-1" />
    </group>
  </component>
</application>