<application>
  <component name="FileTypeManager" version="18">
    <extensionMap>
      <mapping pattern="CreateActivity" type="AUTO_DETECTED" />
      <mapping pattern="Header" type="AUTO_DETECTED" />
      <mapping pattern="HelloWorld" type="PLAIN_TEXT" />
      <mapping pattern="go.mod" type="PLAIN_TEXT" />
      <mapping ext="jjs" type="PLAIN_TEXT" />
      <removed_mapping ext="ignore" approved="true" type="IgnoreLang file" />
      <removed_mapping pattern="go.mod" approved="true" type="go.mod" />
      <mapping ext="gradle.kts" type="Kotlin" />
      <mapping ext="main.kts" type="Kotlin" />
      <mapping pattern="gitignore_global.txt" type="Git file" />
    </extensionMap>
  </component>
</application>