<application>
  <component name="MaterialThemeConfig">
    <option name="compactMenus" value="true" />
    <option name="compactStatusBar" value="true" />
    <option name="compactTables" value="true" />
    <option name="contrastMode" value="true" />
    <option name="customTreeIndentEnabled" value="true" />
    <option name="highContrast" value="true" />
    <option name="highlightColorEnabled" value="true" />
    <option name="styledDirectories" value="true" />
    <option name="compactDropdowns" value="true" />
    <option name="compactSidebar" value="true" />
    <option name="isHighlightColorEnabled" value="true" />
    <option name="isCompactMenus" value="true" />
    <option name="isCompactStatusBar" value="true" />
    <option name="isCompactTables" value="true" />
    <option name="isContrastMode" value="true" />
    <option name="isCustomTreeIndentEnabled" value="true" />
    <option name="isHighContrast" value="true" />
    <option name="isStyledDirectories" value="true" />
    <option name="isWizardShown" value="true" />
    <option name="pristineConfig" value="false" />
    <option name="treeFontSizeEnabled" value="true" />
    <option name="settingsSelectedTab" value="5" />
    <option name="accentColor" value="d33682" />
    <option name="highlightColor" value="ffe335" />
    <option name="selectedTheme" value="SOLARIZED_LIGHT" />
    <option name="userId" value="-7c403135:16b2c0c9b3c:-8000" />
    <option name="version" value="5.5.0" />
  </component>
</application>