<application>
  <component name="UISettings">
    <option name="compactTreeIndents" value="true" />
    <option name="EDITOR_TAB_PLACEMENT" value="3" />
    <option name="HIDE_TOOL_STRIPES" value="true" />
    <option name="IDE_AA_TYPE" value="Greyscale" />
    <option name="LEFT_HORIZONTAL_SPLIT" value="true" />
    <option name="MARK_MODIFIED_TABS_WITH_ASTERISK" value="true" />
    <option name="OPEN_IN_PREVIEW_TAB_IF_POSSIBLE" value="true" />
    <option name="OVERRIDE_NONIDEA_LAF_FONTS" value="true" />
    <option name="SHOW_NAVIGATION_BAR" value="false" />
    <option name="showTreeIndentGuides" value="true" />
    <option name="WIDESCREEN_SUPPORT" value="true" />
  </component>
</application>