<application>
  <component name="KeyPromoterXStatistic">
    <option name="statistics">
      <Statistic Action="Find">
        <Item>
          <IdeaActionID>ActivateFindToolWindow</IdeaActionID>
          <ShortCut>'Ctrl+U'</ShortCut>
          <Description>Find</Description>
          <Count>1</Count>
        </Item>
      </Statistic>
      <Statistic Action="Hierarchy">
        <Item>
          <IdeaActionID>ActivateHierarchyToolWindow</IdeaActionID>
          <ShortCut>'Alt+8'</ShortCut>
          <Description>Hierarchy</Description>
          <Count>4</Count>
        </Item>
      </Statistic>
      <Statistic Action="Run">
        <Item>
          <IdeaActionID>ActivateRunToolWindow</IdeaActionID>
          <ShortCut>'Alt+A'</ShortCut>
          <Description>Run</Description>
          <Count>2</Count>
        </Item>
      </Statistic>
      <Statistic Action="TODO">
        <Item>
          <IdeaActionID>ActivateTODOToolWindow</IdeaActionID>
          <ShortCut>'Ctrl+L'</ShortCut>
          <Description>TODO</Description>
          <Count>2</Count>
        </Item>
      </Statistic>
      <Statistic Action="停止 'go build debug.go'">
        <Item>
          <IdeaActionID>Stop</IdeaActionID>
          <ShortCut>'F4'</ShortCut>
          <Description>停止 'go build debug.go'</Description>
          <Count>1</Count>
        </Item>
      </Statistic>
      <Statistic Action="停止 'idea.log'">
        <Item>
          <IdeaActionID>Stop</IdeaActionID>
          <ShortCut>'F4'</ShortCut>
          <Description>停止 'idea.log'</Description>
          <Count>1</Count>
        </Item>
      </Statistic>
    </option>
    <option name="suppressed">
      <Statistic Action="Debug 'go build test.go'">
        <Item>
          <IdeaActionID>Debug</IdeaActionID>
          <ShortCut>'Shift+F9'</ShortCut>
          <Description>Debug 'go build test.go'</Description>
          <Count>3</Count>
        </Item>
      </Statistic>
    </option>
  </component>
</application>