<application>
  <component name="VimSettings">
    <state version="4" enabled="true" />
    <globalmarks />
    <filemarks>
      <file name="D:/Go/src/func/闭包.go" timestamp="1557661906674">
        <mark key="[" line="11" column="12" />
      </file>
      <file name="D:/Go/src/defer/main.go" timestamp="1557661365665">
        <mark key="[" line="36" column="15" />
      </file>
      <file name="C:/Go/src/net/http/response.go" timestamp="1558932831008">
        <mark key="[" line="73" column="25" />
      </file>
      <file name="D:/Go-Projects/src/ch1/dup1.go" timestamp="1558935384717">
        <mark key="[" line="11" column="28" />
        <mark key="]" line="18" column="26" />
        <mark key="." line="18" column="26" />
        <mark key="^" line="18" column="26" />
      </file>
      <file name="/a.dummy" timestamp="1558940933152">
        <mark key="[" line="0" column="0" />
      </file>
      <file name="D:/Go-Projects/src/ch5/findlinks2.go" timestamp="1558932669933">
        <mark key="[" line="17" column="22" />
        <mark key="]" line="51" column="0" />
        <mark key="^" line="51" column="0" />
        <mark key="." line="51" column="0" />
      </file>
      <file name="/__dummy.xml" timestamp="1558934370182">
        <mark key="[" line="0" column="0" />
      </file>
      <file name="D:/Go/src/defer/example.go" timestamp="1557664588113">
        <mark key="[" line="10" column="8" />
        <mark key="]" line="10" column="7" />
        <mark key="^" line="10" column="7" />
        <mark key="." line="10" column="7" />
      </file>
      <file name="D:/Go-Projects/src/ch2/ftoc.go" timestamp="1558961182722">
        <mark key="[" line="6" column="27" />
      </file>
      <file name="D:/Go-Projects/src/other/time.go" timestamp="1558956502696">
        <mark key="[" line="9" column="0" />
        <mark key="]" line="9" column="0" />
        <mark key="." line="9" column="0" />
      </file>
      <file name="D:/Go-Projects/src/other/array.go" timestamp="1559008727125">
        <mark key="'" line="8" column="6" />
        <mark key="[" line="6" column="19" />
        <mark key="]" line="6" column="19" />
        <mark key="." line="6" column="19" />
        <mark key="^" line="8" column="17" />
      </file>
      <file name="D:/Go/src/刷题/1.go" timestamp="1557667185661">
        <mark key="[" line="8" column="23" />
        <mark key="]" line="8" column="22" />
        <mark key="^" line="8" column="22" />
        <mark key="." line="8" column="22" />
      </file>
      <file name="D:/Go-Projects/src/ch2/tempconv/conv.go" timestamp="1558930473817">
        <mark key="[" line="5" column="0" />
        <mark key="]" line="5" column="55" />
        <mark key="^" line="5" column="0" />
        <mark key="." line="5" column="0" />
      </file>
      <file name="D:/Go/src/func/main.go" timestamp="1557667732654">
        <mark key="[" line="33" column="0" />
        <mark key="]" line="33" column="0" />
        <mark key="." line="33" column="0" />
      </file>
      <file name="C:/Go/src/fmt/print.go" timestamp="1559009862091">
        <mark key="'" line="206" column="5" />
        <mark key="[" line="109" column="17" />
        <mark key="]" line="109" column="16" />
        <mark key="." line="109" column="16" />
        <mark key="^" line="109" column="16" />
      </file>
      <file name="D:/Go-Projects/src/ch4/dedup.go" timestamp="1558936479503">
        <mark key="[" line="22" column="22" />
        <mark key="]" line="22" column="22" />
        <mark key="." line="22" column="22" />
      </file>
      <file name="D:/Go-Projects/src/ch6/struct-trick.go" timestamp="1558950728863">
        <mark key="[" line="34" column="0" />
        <mark key="]" line="34" column="5" />
        <mark key="^" line="19" column="1" />
        <mark key="." line="34" column="5" />
      </file>
      <file name="D:/Go-Projects/src/other/test/test2.go" timestamp="1559005045408">
        <mark key="]" line="15" column="12" />
        <mark key="^" line="13" column="0" />
        <mark key="." line="13" column="0" />
      </file>
      <file name="/Dummy.txt" timestamp="1558957391459">
        <mark key="[" line="0" column="0" />
      </file>
      <file name="D:/Go/src/oop/main.go" timestamp="1557664720875">
        <mark key="[" line="8" column="13" />
      </file>
      <file name="D:/Go-Projects/src/ch6/coloredpoint.go" timestamp="1558933940102">
        <mark key="[" line="14" column="10" />
      </file>
      <file name="D:/Go-Projects/src/ch2/tempconv/tempconv.go" timestamp="1558929611112">
        <mark key="[" line="11" column="17" />
        <mark key="]" line="11" column="16" />
        <mark key="." line="11" column="16" />
        <mark key="^" line="11" column="16" />
      </file>
      <file name="D:/Go-Projects/src/ch4/rev.go" timestamp="1558938327109">
        <mark key="[" line="3" column="0" />
      </file>
      <file name="$USER_HOME$/go/src/awesomeProject/main.go" timestamp="1557660808993">
        <mark key="[" line="6" column="0" />
        <mark key="]" line="15" column="0" />
        <mark key="^" line="15" column="0" />
        <mark key="." line="15" column="0" />
      </file>
      <file name="D:/Go-Projects/src/ch2/popcount.go" timestamp="1558962308364">
        <mark key="'" line="12" column="24" />
        <mark key="[" line="13" column="19" />
        <mark key="]" line="13" column="3" />
        <mark key="^" line="13" column="3" />
        <mark key="." line="13" column="3" />
      </file>
      <file name="D:/Go-Projects/src/ch2/cf.go" timestamp="1558959608098">
        <mark key="[" line="18" column="5" />
        <mark key="]" line="18" column="4" />
        <mark key="^" line="18" column="4" />
        <mark key="." line="18" column="4" />
      </file>
      <file name="D:/Go-Projects/src/ch2/echo4.go" timestamp="1559009801101">
        <mark key="'" line="3" column="3" />
        <mark key="[" line="16" column="3" />
        <mark key="]" line="17" column="3" />
        <mark key="^" line="17" column="3" />
        <mark key="." line="17" column="3" />
      </file>
      <file name="/fragment.go" timestamp="1558942455435">
        <mark key="[" line="0" column="0" />
      </file>
      <file name="D:/Go-Projects/src/other/debug.go" timestamp="1558951083262">
        <mark key="'" line="0" column="0" />
        <mark key="[" line="6" column="18" />
        <mark key="]" line="7" column="2" />
        <mark key="." line="7" column="2" />
        <mark key="^" line="7" column="2" />
      </file>
      <file name="D:/Go/src/func/FP.go" timestamp="1557665353544">
        <mark key="[" line="0" column="0" />
      </file>
      <file name="D:/Go-Projects/src/other/map.go" timestamp="1558940668466">
        <mark key="[" line="3" column="3" />
      </file>
      <file name="D:/Go-Projects/src/other/main.go" timestamp="1559008857642">
        <mark key="'" line="0" column="0" />
        <mark key="[" line="27" column="0" />
        <mark key="k" line="41" column="18" />
        <mark key="l" line="41" column="18" />
        <mark key="]" line="27" column="0" />
        <mark key="m" line="41" column="18" />
        <mark key="." line="27" column="0" />
        <mark key="^" line="36" column="14" />
      </file>
      <file name="D:/Go-Projects/src/other/struct.go" timestamp="1558955841807">
        <mark key="'" line="26" column="0" />
        <mark key="[" line="9" column="0" />
        <mark key="]" line="7" column="8" />
        <mark key="." line="7" column="8" />
        <mark key="^" line="7" column="8" />
      </file>
      <file name="D:/Go-Projects/src/other/const.go" timestamp="1558951673020">
        <mark key="[" line="13" column="13" />
      </file>
      <file name="D:/Go-Projects/src/other/html.go" timestamp="1558939894150">
        <mark key="[" line="17" column="13" />
        <mark key="]" line="24" column="0" />
        <mark key="." line="24" column="0" />
      </file>
      <file name="D:/Go-Projects/src/ch6/intset.go" timestamp="1558933062832">
        <mark key="[" line="30" column="21" />
      </file>
    </filemarks>
    <jumps>
      <jump line="33" column="24" filename="D:/Go/src/func/实战.go" />
      <jump line="11" column="27" filename="D:/Go/src/func/实战.go" />
      <jump line="32" column="23" filename="D:/Go/src/func/实战.go" />
      <jump line="22" column="0" filename="D:/Go/src/func/实战.go" />
      <jump line="14" column="19" filename="D:/Go/src/study/main.go" />
      <jump line="12" column="0" filename="D:/Go/src/study/main.go" />
      <jump line="0" column="0" filename="D:/Go-Projects/src/ch7/sleep.go" />
      <jump line="14" column="2" filename="D:/Go-Projects/src/ch7/sleep.go" />
      <jump line="4" column="3" filename="D:/Go-Projects/src/ch7/sleep.go" />
      <jump line="12" column="23" filename="D:/Go-Projects/src/ch7/sleep.go" />
      <jump line="11" column="2" filename="D:/Go-Projects/src/ch7/sleep.go" />
      <jump line="15" column="0" filename="D:/Go-Projects/src/ch7/sleep.go" />
      <jump line="34" column="0" filename="D:/Go-Projects/src/ch6/struct-trick.go" />
      <jump line="37" column="0" filename="D:/Go-Projects/src/ch6/struct-trick.go" />
      <jump line="41" column="0" filename="D:/Go-Projects/src/ch6/struct-trick.go" />
      <jump line="73" column="0" filename="D:/Go-Projects/src/ch6/struct-trick.go" />
      <jump line="34" column="13" filename="D:/Go-Projects/src/ch7/tempconv.go" />
      <jump line="100" column="4" filename="C:/Go/src/builtin/builtin.go" />
      <jump line="44" column="13" filename="D:/Go-Projects/src/ch4/charcount.go" />
      <jump line="32" column="13" filename="D:/Go-Projects/src/ch4/charcount.go" />
      <jump line="8" column="0" filename="D:/Go-Projects/src/other/debug.go" />
      <jump line="19" column="7" filename="D:/Go-Projects/src/other/struct.go" />
      <jump line="22" column="0" filename="D:/Go-Projects/src/other/struct.go" />
      <jump line="0" column="0" filename="D:/Go-Projects/src/ch2/popcount.go" />
      <jump line="18" column="4" filename="D:/Go-Projects/src/ch2/popcount.go" />
      <jump line="19" column="4" filename="D:/Go-Projects/src/ch2/popcount.go" />
      <jump line="20" column="4" filename="D:/Go-Projects/src/ch2/popcount.go" />
      <jump line="2" column="3" filename="D:/Go-Projects/src/ch2/popcount.go" />
      <jump line="3" column="4" filename="D:/Go-Projects/src/ch2/popcount.go" />
      <jump line="6" column="17" filename="D:/Go-Projects/src/ch2/popcount.go" />
      <jump line="7" column="12" filename="D:/Go-Projects/src/ch2/popcount.go" />
      <jump line="14" column="7" filename="D:/Go-Projects/src/ch2/popcount.go" />
      <jump line="15" column="7" filename="D:/Go-Projects/src/ch2/popcount.go" />
      <jump line="16" column="7" filename="D:/Go-Projects/src/ch2/popcount.go" />
      <jump line="17" column="7" filename="D:/Go-Projects/src/ch2/popcount.go" />
      <jump line="13" column="9" filename="D:/Go-Projects/src/ch2/popcount.go" />
      <jump line="12" column="24" filename="D:/Go-Projects/src/ch2/popcount.go" />
      <jump line="40" column="8" filename="D:/Go-Projects/src/other/main.go" />
      <jump line="0" column="0" filename="D:/Go-Projects/src/other/main.go" />
      <jump line="8" column="6" filename="D:/Go-Projects/src/other/array.go" />
      <jump line="31" column="0" filename="D:/Go-Projects/src/ch2/echo4.go" />
      <jump line="13" column="25" filename="D:/Go-Projects/src/ch2/echo4.go" />
      <jump line="12" column="2" filename="D:/Go-Projects/src/ch2/echo4.go" />
      <jump line="9" column="10" filename="D:/Go-Projects/src/ch2/echo4.go" />
      <jump line="8" column="8" filename="D:/Go-Projects/src/ch2/echo4.go" />
      <jump line="3" column="3" filename="D:/Go-Projects/src/ch2/echo4.go" />
      <jump line="206" column="5" filename="C:/Go/src/fmt/print.go" />
    </jumps>
    <registers>
      <register name="&quot;" type="2">
        <text encoding="base64">CXRpbWUuU2xlZXAoKnBlcmlvZCkK</text>
      </register>
      <register name="k" type="4">
        <text>kkkjjjjlllmmmmmmmmmkkk</text>
      </register>
      <register name="-" type="4">
        <text>defa</text>
      </register>
      <register name="/" type="4">
        <text encoding="base64">XDxmbGFnXD4=</text>
      </register>
      <register name="0" type="2">
        <text encoding="base64">CWZtdC5QcmludGxuKCJnZXQgYWdlIikKCXJldHVybiAxOAp9CgpmdW5jIFNheSgpIHsK</text>
      </register>
      <register name="1" type="2">
        <text encoding="base64">CWQgOj0gWzNdaW50ezEsIDJ9Cg==</text>
      </register>
      <register name="q" type="4">
        <text />
      </register>
      <register name="2" type="2">
        <text encoding="base64">CWIgOj0gWy4uLl1pbnR7MSwgMn0KCWMgOj0gWzJdaW50ezEsIDN9Cg==</text>
      </register>
      <register name="3" type="2">
        <text encoding="base64">CWZtdC5QcmludGxuKCJmdW5jIGFnZTEiKQo=</text>
      </register>
      <register name="4" type="2">
        <text encoding="base64">CWRvbmUgOj0gbWFrZShjaGFuIGJvb2wpCg==</text>
      </register>
      <register name="5" type="2">
        <text encoding="base64">CWRvbmUgOj0gbWFrZShjaGFuIGJvb2wpCg==</text>
      </register>
      <register name="6" type="2">
        <text encoding="base64">CWRvbmUgOj0gbWFrZShjaGFuIGJvb2wpCg==</text>
      </register>
      <register name="7" type="2">
        <text encoding="base64">CWRvbmUgOj0gbWFrZShjaGFuIGJvb2wpCg==</text>
      </register>
      <register name="w" type="4">
        <text>yypp</text>
      </register>
      <register name="8" type="2">
        <text encoding="base64">CXBhbmljKCJpbXBsZW1lbnQgbWUiKQo=</text>
      </register>
      <register name="9" type="2">
        <text encoding="base64">Cg==</text>
      </register>
      <register name=":" type="4">
        <text>action Find</text>
      </register>
    </registers>
    <search>
      <last-search encoding="base64">XDxmbGFnXD4=</last-search>
      <last-offset />
      <last-pattern encoding="base64">XDxmbGFnXD4=</last-pattern>
      <last-dir>-1</last-dir>
      <show-last>true</show-last>
    </search>
    <history>
      <history-search>
        <entry>func</entry>
        <entry>fmt</entry>
        <entry encoding="base64">XDxwY1w+</entry>
        <entry encoding="base64">XDxieXRlXD4=</entry>
        <entry encoding="base64">XDxpbnRcPg==</entry>
        <entry>ddd</entry>
        <entry encoding="base64">XDxmbGFnXD4=</entry>
      </history-search>
      <history-cmd>
        <entry>action ShowFilePath</entry>
        <entry>action EditorLeftWithSelection</entry>
        <entry>action EditorRightWithSelection</entry>
        <entry>action GotoDeclaration</entry>
        <entry>action GotoImplementation</entry>
        <entry>action $Redo</entry>
        <entry>action AceJumpAction</entry>
        <entry>q</entry>
        <entry>action FindUsages</entry>
        <entry>action GotoSymbol</entry>
        <entry>action GotoFile</entry>
        <entry>action GotoClass</entry>
        <entry>action EditorScrollUp</entry>
        <entry>action EditorScrollDown</entry>
        <entry>action EditorJoinLines</entry>
        <entry>action EditorDownWithSelection</entry>
        <entry>action EditorUpWithSelection</entry>
        <entry encoding="base64">YWN0aW9uIEFjZUFjdGlvbiA=</entry>
        <entry>action JumpToNextChange</entry>
        <entry>action JumpToLastChange</entry>
        <entry>action GotoAction</entry>
        <entry>action ShowPopupMenu</entry>
        <entry>action Generate</entry>
        <entry>source ~/.ideavimrc</entry>
        <entry>action EditorBackSpace</entry>
        <entry>action EditorEnter</entry>
        <entry encoding="base64">YWN0aW9uIFJlc3VtZSA=</entry>
        <entry encoding="base64">YWN0aW9uIEJhY2sg</entry>
        <entry>action Find</entry>
      </history-cmd>
      <history-expr />
      <history-input />
    </history>
    <shortcut-conflicts>
      <shortcut-conflict owner="ide">
        <text>ctrl pressed A</text>
      </shortcut-conflict>
      <shortcut-conflict owner="ide">
        <text>ctrl pressed U</text>
      </shortcut-conflict>
      <shortcut-conflict owner="ide">
        <text>ctrl pressed V</text>
      </shortcut-conflict>
      <shortcut-conflict owner="ide">
        <text>ctrl pressed B</text>
      </shortcut-conflict>
      <shortcut-conflict owner="ide">
        <text>ctrl pressed W</text>
      </shortcut-conflict>
      <shortcut-conflict owner="ide">
        <text>ctrl pressed X</text>
      </shortcut-conflict>
      <shortcut-conflict owner="ide">
        <text>ctrl pressed M</text>
      </shortcut-conflict>
      <shortcut-conflict owner="ide">
        <text>ctrl pressed N</text>
      </shortcut-conflict>
      <shortcut-conflict owner="ide">
        <text>shift ctrl pressed 2</text>
      </shortcut-conflict>
      <shortcut-conflict owner="ide">
        <text>ctrl pressed C</text>
      </shortcut-conflict>
      <shortcut-conflict owner="ide">
        <text>ctrl pressed D</text>
      </shortcut-conflict>
      <shortcut-conflict owner="ide">
        <text>ctrl pressed Y</text>
      </shortcut-conflict>
      <shortcut-conflict owner="ide">
        <text>ctrl pressed O</text>
      </shortcut-conflict>
      <shortcut-conflict owner="ide">
        <text>ctrl pressed P</text>
      </shortcut-conflict>
      <shortcut-conflict owner="ide">
        <text>ctrl pressed E</text>
      </shortcut-conflict>
      <shortcut-conflict owner="ide">
        <text>ctrl pressed F</text>
      </shortcut-conflict>
      <shortcut-conflict owner="ide">
        <text>ctrl pressed OPEN_BRACKET</text>
      </shortcut-conflict>
      <shortcut-conflict owner="ide">
        <text>ctrl pressed Q</text>
      </shortcut-conflict>
      <shortcut-conflict owner="ide">
        <text>ctrl pressed 2</text>
      </shortcut-conflict>
      <shortcut-conflict owner="ide">
        <text>ctrl pressed R</text>
      </shortcut-conflict>
      <shortcut-conflict owner="ide">
        <text>ctrl pressed G</text>
      </shortcut-conflict>
      <shortcut-conflict owner="ide">
        <text>ctrl pressed H</text>
      </shortcut-conflict>
      <shortcut-conflict owner="ide">
        <text>ctrl pressed CLOSE_BRACKET</text>
      </shortcut-conflict>
      <shortcut-conflict owner="ide">
        <text>shift ctrl pressed 6</text>
      </shortcut-conflict>
      <shortcut-conflict owner="ide">
        <text>ctrl pressed S</text>
      </shortcut-conflict>
      <shortcut-conflict owner="ide">
        <text>ctrl pressed T</text>
      </shortcut-conflict>
      <shortcut-conflict owner="ide">
        <text>ctrl pressed I</text>
      </shortcut-conflict>
      <shortcut-conflict owner="ide">
        <text>ctrl pressed J</text>
      </shortcut-conflict>
      <shortcut-conflict owner="ide">
        <text>shift ctrl pressed H</text>
      </shortcut-conflict>
      <shortcut-conflict owner="ide">
        <text>ctrl pressed K</text>
      </shortcut-conflict>
      <shortcut-conflict owner="ide">
        <text>ctrl pressed L</text>
      </shortcut-conflict>
      <shortcut-conflict owner="ide">
        <text>shift ctrl pressed TAB</text>
      </shortcut-conflict>
      <shortcut-conflict owner="ide">
        <text>ctrl alt pressed L</text>
      </shortcut-conflict>
      <shortcut-conflict owner="ide">
        <text>shift ctrl pressed N</text>
      </shortcut-conflict>
      <shortcut-conflict owner="ide">
        <text>ctrl pressed TAB</text>
      </shortcut-conflict>
      <shortcut-conflict owner="ide">
        <text>ctrl pressed BACK_SLASH</text>
      </shortcut-conflict>
      <shortcut-conflict owner="ide">
        <text>alt pressed X</text>
      </shortcut-conflict>
    </shortcut-conflicts>
  </component>
</application>