<application>
  <component name="CodotaSettings">
    <option name="methodCompletionsPercentageSet" value="true" />
    <option name="id" value="7c98f9f9-7cee-4fab-b0e6-92cf8d9989e0" />
    <option name="wasRunBefore" value="true" />
    <option name="firstRun" value="1560302108557" />
    <option name="generation" value="31" />
    <option name="updateGeneration" value="1" />
    <option name="isMethodCompletionsPercentageActive" value="true" />
    <option name="isMethodCompletionsPercentageSet" value="true" />
  </component>
</application>