<application>
  <component name="MaterialThemeConfig">
    <option name="compactDropdowns" value="true" />
    <option name="compactSidebar" value="true" />
    <option name="highlightColorEnabled" value="true" />
    <option name="isCompactMenus" value="true" />
    <option name="isCompactStatusBar" value="true" />
    <option name="isCompactTables" value="true" />
    <option name="isCustomTreeIndentEnabled" value="true" />
    <option name="isStyledDirectories" value="true" />
    <option name="isWizardShown" value="true" />
    <option name="pristineConfig" value="false" />
    <option name="treeFontSizeEnabled" value="true" />
    <option name="accentColor" value="ff79c5" />
    <option name="highlightColor" value="ffe335" />
    <option name="selectedTheme" value="DRACULA" />
    <option name="userId" value="-7c403135:16b2c0c9b3c:-8000" />
    <option name="version" value="4.10.0" />
  </component>
</application>