<application>
  <component name="MaterialCustomThemeConfig">
    <option name="excludedColor" value="e3dcc9ff" />
    <option name="accentColor" value="d33682ff" />
    <option name="notificationsColor" value="ede8d4ff" />
    <option name="treeSelectionColor" value="93a1a180" />
    <option name="highlightColor" value="f6f0deff" />
    <option name="secondBorderColor" value="edead9ff" />
    <option name="tableSelectedColor" value="f6f0deff" />
    <option name="contrastColor" value="eee8d5ff" />
    <option name="disabledColor" value="c9ccc3ff" />
    <option name="secondaryBackgroundColor" value="f6f0deff" />
    <option name="buttonColor" value="fefbf1ff" />
    <option name="selectionForegroundColor" value="002b36ff" />
    <option name="selectionBackgroundColor" value="f6f0deff" />
    <option name="textColor" value="93a1a1ff" />
    <option name="foregroundColor" value="586e75ff" />
    <option name="backgroundColor" value="fdf6e3ff" />
  </component>
</application>