<application>
  <component name="AppStorage">
    <histories>
      <item value="Blocks until all tasks have completed execution after a shutdown * request, or the timeout occurs, or the current thread is * interrupted, whichever happens first." />
      <item value="Causes this thread to begin execution; the Java Virtual Machine * calls the {@code run} method of this thread. * &lt;p&gt; * The result is that two threads are running concurrently: the * current thread (which returns from the call to the * {@code start} method) and the other thread (which executes its * {@code run} method). * &lt;p&gt; * It is never legal to start a thread more than once. * In particular, a thread may not be restarted once it has completed * execution." />
      <item value="Wakes up all threads that are waiting on this object's monitor. A * thread waits on an object's monitor by calling one of the * {@code wait} methods. * &lt;p&gt; * The awakened threads will not be able to proceed until the current * thread relinquishes the lock on this object. The awakened threads * will compete in the usual manner with any other threads that might * be actively competing to synchronize on this object; for example, * the awakened threads enjoy no reliable privilege or disadvantage in * being the next thread to lock this object. * &lt;p&gt; * This method should only be called by a thread that is the owner * of this object's monitor. See the {@code notify} method for a * description of the ways in which a thread can become the owner of * a monitor. *" />
      <item value="Wakes up all threads that are waiting on this object's monitor. A * thread waits on an object's monitor by calling one of the * {@code wait} methods. * &lt;p&gt; * The awakened threads will not be able to proceed until the current * thread relinquishes the lock on this object. The awakened threads * will compete in the usual manner with any other threads that might * be actively competing to synchronize on this object; for example, * the awakened threads enjoy no reliable privilege or disadvantage in * being the next thread to lock this object. * &lt;p&gt; * This method should only be called by a thread that is the owner * of this object's monitor. See the {@code notify} method for a * description of the ways in which a thread can become the owner of * a monitor." />
      <item value="/** * Returns the runtime class of this {@code Object}. The returned * {@code Class} object is the object that is locked by {@code * static synchronized} methods of the represented class. * * &lt;p&gt;&lt;b&gt;The actual result type is {@code Class&lt;? extends |X|&gt;} * where {@code |X|} is the erasure of the static type of the * expression on which {@code getClass} is called.&lt;/b&gt; For * example, no cast is required in this code fragment:&lt;/p&gt; * * &lt;p&gt; * {@code Number n = 0; }&lt;br&gt; * {@code Class&lt;? extends Number&gt; c = n.getClass(); } * &lt;/p&gt; * * @return The {@code Class} object that represents the runtime * class of this object. * @jls 15.8.2 Class Literals */" />
      <item value="* Class {@code Object} is the root of the class hierarchy. * Every class has {@code Object} as a superclass. All objects, * including arrays, implement the methods of this class." />
      <item value="* Indicates that a method declaration is intended to override a * method declaration in a supertype. If a method is annotated with * this annotation type compilers are required to generate an error * message unless at least one of the following conditions hold:" />
      <item value="The class {@code Date} represents a specific instant * in time, with millisecond precision. * &lt;p&gt; * Prior to JDK&amp;nbsp;1.1, the class {@code Date} had two additional * functions. It allowed the interpretation of dates as year, month, day, hour, * minute, and second values. It also allowed the formatting and parsing * of date strings. Unfortunately, the API for these functions was not * amenable to internationalization. As of JDK&amp;nbsp;1.1, the * {@code Calendar} class should be used to convert between dates and time * fields and the {@code DateFormat} class should be used to format and * parse date strings. * The corresponding methods in {@code Date} are deprecated. * &lt;p&gt;" />
      <item value="Allocates a {@code Date} object and initializes it so that * it represents the time at which it was allocated, measured to the * nearest millisecond. *" />
    </histories>
    <option name="languageScores">
      <map>
        <entry key="CHINESE" value="8" />
        <entry key="ENGLISH" value="9" />
      </map>
    </option>
  </component>
  <component name="Settings">
    <option name="ignoreRegExp" value="" />
  </component>
</application>